<?xml version="1.0" encoding="UTF-8"?>
<java version="16.0.1" class="java.beans.XMLDecoder">
 <object class="org.eclipse.epp.internal.mpc.ui.catalog.MarketplaceInfo" id="MarketplaceInfo0">
  <void property="iuToNodeKey">
   <void method="put">
    <string>org.jboss.tools.forge.m2e.feature</string>
    <object class="java.util.ArrayList">
     <void method="add">
      <string>https://marketplace.eclipse.org#1617241</string>
     </void>
    </object>
   </void>
   <void method="put">
    <string>org.jboss.tools.maven.project.examples.feature</string>
    <object class="java.util.ArrayList">
     <void method="add">
      <string>https://marketplace.eclipse.org#1617241</string>
     </void>
    </object>
   </void>
   <void method="put">
    <string>com.hp.fortify.fod.eclipse.upload.java</string>
    <object class="java.util.ArrayList">
     <void method="add">
      <string>https://marketplace.eclipse.org#3310555</string>
     </void>
    </object>
   </void>
   <void method="put">
    <string>org.eclipse.m2e.core.ui.phasesandgoals.feature</string>
    <object class="java.util.ArrayList">
     <void method="add">
      <string>https://marketplace.eclipse.org#2394572</string>
     </void>
    </object>
   </void>
   <void method="put">
    <string>org.eclipse.reddeer.logparser.feature</string>
    <object class="java.util.ArrayList">
     <void method="add">
      <string>https://marketplace.eclipse.org#3935790</string>
     </void>
    </object>
   </void>
   <void method="put">
    <string>org.eclipse.reddeer.spy.feature</string>
    <object class="java.util.ArrayList">
     <void method="add">
      <string>https://marketplace.eclipse.org#3935790</string>
     </void>
    </object>
   </void>
   <void method="put">
    <string>dk.xam.spy.feature</string>
    <object class="java.util.ArrayList">
     <void method="add">
      <string>https://marketplace.eclipse.org#303914</string>
     </void>
    </object>
   </void>
   <void method="put">
    <string>org.greip.feature</string>
    <object class="java.util.ArrayList">
     <void method="add">
      <string>https://marketplace.eclipse.org#4445639</string>
     </void>
    </object>
   </void>
   <void method="put">
    <string>org.eclipse.swtbot</string>
    <object class="java.util.ArrayList">
     <void method="add">
      <string>https://marketplace.eclipse.org#677</string>
     </void>
    </object>
   </void>
   <void method="put">
    <string>org.eclipse.buildship</string>
    <object class="java.util.ArrayList">
     <void method="add">
      <string>https://marketplace.eclipse.org#1617241</string>
     </void>
    </object>
   </void>
   <void method="put">
    <string>org.eclipse.wst.web_ui.feature</string>
    <object class="java.util.ArrayList">
     <void method="add">
      <string>https://marketplace.eclipse.org#2963400</string>
     </void>
    </object>
   </void>
   <void method="put">
    <string>org.eclipse.egit</string>
    <object class="java.util.ArrayList">
     <void method="add">
      <string>https://marketplace.eclipse.org#2963400</string>
     </void>
    </object>
   </void>
   <void method="put">
    <string>com.hp.fortify.fod.eclipse.upload</string>
    <object class="java.util.ArrayList">
     <void method="add">
      <string>https://marketplace.eclipse.org#3310555</string>
     </void>
    </object>
   </void>
   <void method="put">
    <string>org.eclipse.wb.core.feature.feature.group</string>
    <object class="java.util.ArrayList">
     <void method="add">
      <string>https://marketplace.eclipse.org#4961416</string>
     </void>
     <void method="add">
      <string>https://marketplace.eclipse.org#3085446</string>
     </void>
    </object>
   </void>
   <void method="put">
    <string>org.eclipse.wb.core.xml.feature.feature.group</string>
    <object class="java.util.ArrayList">
     <void method="add">
      <string>https://marketplace.eclipse.org#4961416</string>
     </void>
    </object>
   </void>
   <void method="put">
    <string>com.tulin.v8.flowdesigner.feature</string>
    <object class="java.util.ArrayList">
     <void method="add">
      <string>https://marketplace.eclipse.org#5466625</string>
     </void>
    </object>
   </void>
   <void method="put">
    <string>org.eclipse.linuxtools.docker.feature</string>
    <object class="java.util.ArrayList">
     <void method="add">
      <string>https://marketplace.eclipse.org#2706327</string>
     </void>
     <void method="add">
      <string>https://marketplace.eclipse.org#1617241</string>
     </void>
    </object>
   </void>
   <void method="put">
    <string>org.jboss.tools.cdi.feature</string>
    <object class="java.util.ArrayList">
     <void method="add">
      <string>https://marketplace.eclipse.org#1617241</string>
     </void>
    </object>
   </void>
   <void method="put">
    <string>org.eclipse.jubula.feature</string>
    <object class="java.util.ArrayList">
     <void method="add">
      <string>https://marketplace.eclipse.org#70112</string>
     </void>
    </object>
   </void>
   <void method="put">
    <string>org.jboss.tools.foundation.feature</string>
    <object class="java.util.ArrayList">
     <void method="add">
      <string>https://marketplace.eclipse.org#1617241</string>
     </void>
    </object>
   </void>
   <void method="put">
    <string>org.jboss.tools.ws.jaxrs.feature</string>
    <object class="java.util.ArrayList">
     <void method="add">
      <string>https://marketplace.eclipse.org#1617241</string>
     </void>
    </object>
   </void>
   <void method="put">
    <string>org.eclipse.wb.swing.feature.feature.group</string>
    <object class="java.util.ArrayList">
     <void method="add">
      <string>https://marketplace.eclipse.org#4961416</string>
     </void>
     <void method="add">
      <string>https://marketplace.eclipse.org#3085446</string>
     </void>
    </object>
   </void>
   <void method="put">
    <string>org.jboss.tools.fuse.transformation.feature</string>
    <object class="java.util.ArrayList">
     <void method="add">
      <string>https://marketplace.eclipse.org#1617241</string>
     </void>
    </object>
   </void>
   <void method="put">
    <string>com.fortify.fod.eclipse.remediation</string>
    <object class="java.util.ArrayList">
     <void method="add">
      <string>https://marketplace.eclipse.org#3310555</string>
     </void>
    </object>
   </void>
   <void method="put">
    <string>org.jboss.tools.ws.jaxws.feature</string>
    <object class="java.util.ArrayList">
     <void method="add">
      <string>https://marketplace.eclipse.org#1617241</string>
     </void>
    </object>
   </void>
   <void method="put">
    <string>org.eclipse.reddeer.swt.feature</string>
    <object class="java.util.ArrayList">
     <void method="add">
      <string>https://marketplace.eclipse.org#3935790</string>
     </void>
    </object>
   </void>
   <void method="put">
    <string>org.eclipse.swtbot.eclipse</string>
    <object class="java.util.ArrayList">
     <void method="add">
      <string>https://marketplace.eclipse.org#677</string>
     </void>
    </object>
   </void>
   <void method="put">
    <string>org.jboss.tools.project.examples.feature</string>
    <object class="java.util.ArrayList">
     <void method="add">
      <string>https://marketplace.eclipse.org#1617241</string>
     </void>
    </object>
   </void>
   <void method="put">
    <string>org.jboss.tools.cdi.microprofile.feature</string>
    <object class="java.util.ArrayList">
     <void method="add">
      <string>https://marketplace.eclipse.org#1617241</string>
     </void>
    </object>
   </void>
   <void method="put">
    <string>org.eclipse.payara.tools</string>
    <object class="java.util.ArrayList">
     <void method="add">
      <string>https://marketplace.eclipse.org#4014208</string>
     </void>
    </object>
   </void>
   <void method="put">
    <string>org.eclipse.wb.swing.doc.user.feature.feature.group</string>
    <object class="java.util.ArrayList">
     <void method="add">
      <string>https://marketplace.eclipse.org#4961416</string>
     </void>
     <void method="add">
      <string>https://marketplace.eclipse.org#3085446</string>
     </void>
    </object>
   </void>
   <void method="put">
    <string>com.tulin.v8.editors.page.feature</string>
    <object class="java.util.ArrayList">
     <void method="add">
      <string>https://marketplace.eclipse.org#5466625</string>
     </void>
    </object>
   </void>
   <void method="put">
    <string>org.eclipse.wildwebdeveloper.feature</string>
    <object class="java.util.ArrayList">
     <void method="add">
      <string>https://marketplace.eclipse.org#2963400</string>
     </void>
     <void method="add">
      <string>https://marketplace.eclipse.org#1617241</string>
     </void>
    </object>
   </void>
   <void method="put">
    <string>org.jboss.tools.websockets.feature</string>
    <object class="java.util.ArrayList">
     <void method="add">
      <string>https://marketplace.eclipse.org#1617241</string>
     </void>
    </object>
   </void>
   <void method="put">
    <string>org.eclipse.reddeer.recorder.feature</string>
    <object class="java.util.ArrayList">
     <void method="add">
      <string>https://marketplace.eclipse.org#3935790</string>
     </void>
    </object>
   </void>
   <void method="put">
    <string>org.eclipse.wb.rcp.doc.user.feature.feature.group</string>
    <object class="java.util.ArrayList">
     <void method="add">
      <string>https://marketplace.eclipse.org#4961416</string>
     </void>
     <void method="add">
      <string>https://marketplace.eclipse.org#3085446</string>
     </void>
    </object>
   </void>
   <void method="put">
    <string>org.eclipse.reddeer.ui.feature</string>
    <object class="java.util.ArrayList">
     <void method="add">
      <string>https://marketplace.eclipse.org#3935790</string>
     </void>
    </object>
   </void>
   <void method="put">
    <string>com.ibm.ws.appconversion_feature.tomcat</string>
    <object class="java.util.ArrayList">
     <void method="add">
      <string>https://marketplace.eclipse.org#292930</string>
     </void>
    </object>
   </void>
   <void method="put">
    <string>org.fusesource.ide.server.extensions.feature</string>
    <object class="java.util.ArrayList">
     <void method="add">
      <string>https://marketplace.eclipse.org#1617241</string>
     </void>
    </object>
   </void>
   <void method="put">
    <string>org.eclipse.jdt.java18patch.source</string>
    <object class="java.util.ArrayList">
     <void method="add">
      <string>https://marketplace.eclipse.org#5505813</string>
     </void>
    </object>
   </void>
   <void method="put">
    <string>org.fusesource.ide.jmx.feature</string>
    <object class="java.util.ArrayList">
     <void method="add">
      <string>https://marketplace.eclipse.org#1617241</string>
     </void>
    </object>
   </void>
   <void method="put">
    <string>org.eclipse.nebula.examples.feature.feature.group</string>
    <object class="java.util.ArrayList">
     <void method="add">
      <string>https://marketplace.eclipse.org#229909</string>
     </void>
    </object>
   </void>
   <void method="put">
    <string>org.jboss.tools.openshift.cdk.feature</string>
    <object class="java.util.ArrayList">
     <void method="add">
      <string>https://marketplace.eclipse.org#1617241</string>
     </void>
    </object>
   </void>
   <void method="put">
    <string>org.eclipse.nebula.examples.incubation.feature.feature.group</string>
    <object class="java.util.ArrayList">
     <void method="add">
      <string>https://marketplace.eclipse.org#229909</string>
     </void>
    </object>
   </void>
   <void method="put">
    <string>com.ibm.ws.appconversion_feature.was2was</string>
    <object class="java.util.ArrayList">
     <void method="add">
      <string>https://marketplace.eclipse.org#292930</string>
     </void>
    </object>
   </void>
   <void method="put">
    <string>org.eclipse.wildwebdeveloper.embedder.node.feature</string>
    <object class="java.util.ArrayList">
     <void method="add">
      <string>https://marketplace.eclipse.org#2963400</string>
     </void>
    </object>
   </void>
   <void method="put">
    <string>org.jboss.tools.maven.cdi.feature</string>
    <object class="java.util.ArrayList">
     <void method="add">
      <string>https://marketplace.eclipse.org#1617241</string>
     </void>
    </object>
   </void>
   <void method="put">
    <string>org.eclipse.wb.xwt.feature.feature.group</string>
    <object class="java.util.ArrayList">
     <void method="add">
      <string>https://marketplace.eclipse.org#4961416</string>
     </void>
    </object>
   </void>
   <void method="put">
    <string>org.eclipse.pde.java18patch</string>
    <object class="java.util.ArrayList">
     <void method="add">
      <string>https://marketplace.eclipse.org#5505813</string>
     </void>
    </object>
   </void>
   <void method="put">
    <string>org.eclipse.swtbot.ide</string>
    <object class="java.util.ArrayList">
     <void method="add">
      <string>https://marketplace.eclipse.org#677</string>
     </void>
    </object>
   </void>
   <void method="put">
    <string>org.eclipse.reddeer.tests.feature</string>
    <object class="java.util.ArrayList">
     <void method="add">
      <string>https://marketplace.eclipse.org#3935790</string>
     </void>
    </object>
   </void>
   <void method="put">
    <string>org.eclipse.reddeer.graphiti.feature</string>
    <object class="java.util.ArrayList">
     <void method="add">
      <string>https://marketplace.eclipse.org#3935790</string>
     </void>
    </object>
   </void>
   <void method="put">
    <string>com.ibm.ws.migrationtoolkit.cloud.feature</string>
    <object class="java.util.ArrayList">
     <void method="add">
      <string>https://marketplace.eclipse.org#292930</string>
     </void>
    </object>
   </void>
   <void method="put">
    <string>org.jboss.tools.jmx.feature</string>
    <object class="java.util.ArrayList">
     <void method="add">
      <string>https://marketplace.eclipse.org#1617241</string>
     </void>
    </object>
   </void>
   <void method="put">
    <string>org.greip.nls.feature</string>
    <object class="java.util.ArrayList">
     <void method="add">
      <string>https://marketplace.eclipse.org#4445639</string>
     </void>
    </object>
   </void>
   <void method="put">
    <string>org.eclipse.reddeer.e4.feature</string>
    <object class="java.util.ArrayList">
     <void method="add">
      <string>https://marketplace.eclipse.org#3935790</string>
     </void>
    </object>
   </void>
   <void method="put">
    <string>com.ibm.ws.appconversion_feature.oracle</string>
    <object class="java.util.ArrayList">
     <void method="add">
      <string>https://marketplace.eclipse.org#292930</string>
     </void>
    </object>
   </void>
   <void method="put">
    <string>net.sf.yari.feature</string>
    <object class="java.util.ArrayList">
     <void method="add">
      <string>https://marketplace.eclipse.org#901</string>
     </void>
    </object>
   </void>
   <void method="put">
    <string>org.jboss.tools.maven.sourcelookup.feature</string>
    <object class="java.util.ArrayList">
     <void method="add">
      <string>https://marketplace.eclipse.org#1617241</string>
     </void>
    </object>
   </void>
   <void method="put">
    <string>org.jboss.tools.forge.feature</string>
    <object class="java.util.ArrayList">
     <void method="add">
      <string>https://marketplace.eclipse.org#1617241</string>
     </void>
    </object>
   </void>
   <void method="put">
    <string>org.eclipse.e4.tools.event.spy.feature</string>
    <object class="java.util.ArrayList">
     <void method="add">
      <string>https://marketplace.eclipse.org#3116105</string>
     </void>
    </object>
   </void>
   <void method="put">
    <string>org.eclipse.wb.swt.feature.feature.group</string>
    <object class="java.util.ArrayList">
     <void method="add">
      <string>https://marketplace.eclipse.org#4961416</string>
     </void>
     <void method="add">
      <string>https://marketplace.eclipse.org#3085446</string>
     </void>
    </object>
   </void>
   <void method="put">
    <string>org.eclipse.e4.tools.spies.feature</string>
    <object class="java.util.ArrayList">
     <void method="add">
      <string>https://marketplace.eclipse.org#3116105</string>
     </void>
    </object>
   </void>
   <void method="put">
    <string>org.eclipse.wst.xsl.feature</string>
    <object class="java.util.ArrayList">
     <void method="add">
      <string>https://marketplace.eclipse.org#2963400</string>
     </void>
    </object>
   </void>
   <void method="put">
    <string>org.jboss.tools.foundation.security.linux.feature</string>
    <object class="java.util.ArrayList">
     <void method="add">
      <string>https://marketplace.eclipse.org#1617241</string>
     </void>
    </object>
   </void>
   <void method="put">
    <string>org.eclipse.e4.tools.css.editor.feature</string>
    <object class="java.util.ArrayList">
     <void method="add">
      <string>https://marketplace.eclipse.org#1212020</string>
     </void>
    </object>
   </void>
   <void method="put">
    <string>org.jboss.tools.openshift.feature</string>
    <object class="java.util.ArrayList">
     <void method="add">
      <string>https://marketplace.eclipse.org#1617241</string>
     </void>
    </object>
   </void>
   <void method="put">
    <string>org.jboss.tools.common.launcher.feature</string>
    <object class="java.util.ArrayList">
     <void method="add">
      <string>https://marketplace.eclipse.org#1617241</string>
     </void>
    </object>
   </void>
   <void method="put">
    <string>org.eclipse.cdt.embsysregview_feature</string>
    <object class="java.util.ArrayList">
     <void method="add">
      <string>https://marketplace.eclipse.org#1508376</string>
     </void>
    </object>
   </void>
   <void method="put">
    <string>io.github.pyvesb.eclipse_solargraph</string>
    <object class="java.util.ArrayList">
     <void method="add">
      <string>https://marketplace.eclipse.org#4611382</string>
     </void>
    </object>
   </void>
   <void method="put">
    <string>org.fusesource.ide.syndesis.extension.feature</string>
    <object class="java.util.ArrayList">
     <void method="add">
      <string>https://marketplace.eclipse.org#1617241</string>
     </void>
    </object>
   </void>
   <void method="put">
    <string>org.jboss.tools.quarkus.feature</string>
    <object class="java.util.ArrayList">
     <void method="add">
      <string>https://marketplace.eclipse.org#1617241</string>
     </void>
    </object>
   </void>
   <void method="put">
    <string>com.tulin.v8.dbviewer.feature</string>
    <object class="java.util.ArrayList">
     <void method="add">
      <string>https://marketplace.eclipse.org#5466625</string>
     </void>
    </object>
   </void>
   <void method="put">
    <string>com.tulin.v8.ureport.feature</string>
    <object class="java.util.ArrayList">
     <void method="add">
      <string>https://marketplace.eclipse.org#5466625</string>
     </void>
    </object>
   </void>
   <void method="put">
    <string>org.jboss.tools.common.jdt.feature</string>
    <object class="java.util.ArrayList">
     <void method="add">
      <string>https://marketplace.eclipse.org#1617241</string>
     </void>
    </object>
   </void>
   <void method="put">
    <string>org.jboss.tools.jst.jsdt.feature</string>
    <object class="java.util.ArrayList">
     <void method="add">
      <string>https://marketplace.eclipse.org#1617241</string>
     </void>
    </object>
   </void>
   <void method="put">
    <string>org.eclipse.linuxtools.docker.editor.ls.feature</string>
    <object class="java.util.ArrayList">
     <void method="add">
      <string>https://marketplace.eclipse.org#2706327</string>
     </void>
    </object>
   </void>
   <void method="put">
    <string>org.eclipse.swtbot.eclipse.gef</string>
    <object class="java.util.ArrayList">
     <void method="add">
      <string>https://marketplace.eclipse.org#677</string>
     </void>
    </object>
   </void>
   <void method="put">
    <string>com.ibm.ws.appconversion_feature.weblogic</string>
    <object class="java.util.ArrayList">
     <void method="add">
      <string>https://marketplace.eclipse.org#292930</string>
     </void>
    </object>
   </void>
   <void method="put">
    <string>org.jboss.tools.vpe.feature</string>
    <object class="java.util.ArrayList">
     <void method="add">
      <string>https://marketplace.eclipse.org#1617241</string>
     </void>
    </object>
   </void>
   <void method="put">
    <string>org.eclipse.wst.jsdt.chromium.debug.feature</string>
    <object class="java.util.ArrayList">
     <void method="add">
      <string>https://marketplace.eclipse.org#1617241</string>
     </void>
    </object>
   </void>
   <void method="put">
    <string>org.jboss.tools.stacks.core.feature</string>
    <object class="java.util.ArrayList">
     <void method="add">
      <string>https://marketplace.eclipse.org#1617241</string>
     </void>
    </object>
   </void>
   <void method="put">
    <string>io.github.pyvesb.eclipse_planet_themes</string>
    <object class="java.util.ArrayList">
     <void method="add">
      <string>https://marketplace.eclipse.org#5176732</string>
     </void>
    </object>
   </void>
   <void method="put">
    <string>com.tulin.v8.editors.function.feature</string>
    <object class="java.util.ArrayList">
     <void method="add">
      <string>https://marketplace.eclipse.org#5466625</string>
     </void>
    </object>
   </void>
   <void method="put">
    <string>org.eclipse.nebula.examples.release.feature.feature.group</string>
    <object class="java.util.ArrayList">
     <void method="add">
      <string>https://marketplace.eclipse.org#229894</string>
     </void>
    </object>
   </void>
   <void method="put">
    <string>org.eclipse.wst.xml_ui.feature</string>
    <object class="java.util.ArrayList">
     <void method="add">
      <string>https://marketplace.eclipse.org#2963400</string>
     </void>
    </object>
   </void>
   <void method="put">
    <string>org.eclipse.reddeer.eclipse.feature</string>
    <object class="java.util.ArrayList">
     <void method="add">
      <string>https://marketplace.eclipse.org#3935790</string>
     </void>
    </object>
   </void>
   <void method="put">
    <string>org.jboss.tools.maven.springboot.feature</string>
    <object class="java.util.ArrayList">
     <void method="add">
      <string>https://marketplace.eclipse.org#1617241</string>
     </void>
    </object>
   </void>
   <void method="put">
    <string>org.eclipse.wst.web_js_support.feature</string>
    <object class="java.util.ArrayList">
     <void method="add">
      <string>https://marketplace.eclipse.org#2963400</string>
     </void>
    </object>
   </void>
   <void method="put">
    <string>org.fusesource.ide.camel.editor.feature</string>
    <object class="java.util.ArrayList">
     <void method="add">
      <string>https://marketplace.eclipse.org#1617241</string>
     </void>
    </object>
   </void>
   <void method="put">
    <string>com.ibm.ws.configmigration.tomcat_feature</string>
    <object class="java.util.ArrayList">
     <void method="add">
      <string>https://marketplace.eclipse.org#292930</string>
     </void>
    </object>
   </void>
   <void method="put">
    <string>org.jboss.tools.jst.angularjs.feature</string>
    <object class="java.util.ArrayList">
     <void method="add">
      <string>https://marketplace.eclipse.org#1617241</string>
     </void>
    </object>
   </void>
   <void method="put">
    <string>org.jboss.tools.runtime.core.feature</string>
    <object class="java.util.ArrayList">
     <void method="add">
      <string>https://marketplace.eclipse.org#1617241</string>
     </void>
    </object>
   </void>
   <void method="put">
    <string>org.jboss.tools.batch.feature</string>
    <object class="java.util.ArrayList">
     <void method="add">
      <string>https://marketplace.eclipse.org#1617241</string>
     </void>
    </object>
   </void>
   <void method="put">
    <string>org.eclipse.wb.layout.group.feature.feature.group</string>
    <object class="java.util.ArrayList">
     <void method="add">
      <string>https://marketplace.eclipse.org#4961416</string>
     </void>
     <void method="add">
      <string>https://marketplace.eclipse.org#3085446</string>
     </void>
    </object>
   </void>
   <void method="put">
    <string>org.jboss.tools.cdi.deltaspike.feature</string>
    <object class="java.util.ArrayList">
     <void method="add">
      <string>https://marketplace.eclipse.org#1617241</string>
     </void>
    </object>
   </void>
   <void method="put">
    <string>com.tulin.v8.ide.feature</string>
    <object class="java.util.ArrayList">
     <void method="add">
      <string>https://marketplace.eclipse.org#5466625</string>
     </void>
    </object>
   </void>
   <void method="put">
    <string>org.ascape.doc</string>
    <object class="java.util.ArrayList">
     <void method="add">
      <string>https://marketplace.eclipse.org#2911</string>
     </void>
    </object>
   </void>
   <void method="put">
    <string>org.eclipse.wb.rcp.SWT_AWT_support.feature.group</string>
    <object class="java.util.ArrayList">
     <void method="add">
      <string>https://marketplace.eclipse.org#4961416</string>
     </void>
     <void method="add">
      <string>https://marketplace.eclipse.org#3085446</string>
     </void>
    </object>
   </void>
   <void method="put">
    <string>com.tulin.v8.js.ui.feature</string>
    <object class="java.util.ArrayList">
     <void method="add">
      <string>https://marketplace.eclipse.org#5466625</string>
     </void>
    </object>
   </void>
   <void method="put">
    <string>org.eclipse.wst.json_ui.feature</string>
    <object class="java.util.ArrayList">
     <void method="add">
      <string>https://marketplace.eclipse.org#2963400</string>
     </void>
     <void method="add">
      <string>https://marketplace.eclipse.org#1617241</string>
     </void>
    </object>
   </void>
   <void method="put">
    <string>com.tulin.v8.editors.fn.feature</string>
    <object class="java.util.ArrayList">
     <void method="add">
      <string>https://marketplace.eclipse.org#5466625</string>
     </void>
    </object>
   </void>
   <void method="put">
    <string>org.hibernate.eclipse.feature</string>
    <object class="java.util.ArrayList">
     <void method="add">
      <string>https://marketplace.eclipse.org#1617241</string>
     </void>
    </object>
   </void>
   <void method="put">
    <string>org.ascape.sdk</string>
    <object class="java.util.ArrayList">
     <void method="add">
      <string>https://marketplace.eclipse.org#2911</string>
     </void>
    </object>
   </void>
   <void method="put">
    <string>org.eclipse.wb.core.ui.feature.feature.group</string>
    <object class="java.util.ArrayList">
     <void method="add">
      <string>https://marketplace.eclipse.org#4961416</string>
     </void>
     <void method="add">
      <string>https://marketplace.eclipse.org#3085446</string>
     </void>
    </object>
   </void>
   <void method="put">
    <string>org.eclipse.nebula.feature.feature.group</string>
    <object class="java.util.ArrayList">
     <void method="add">
      <string>https://marketplace.eclipse.org#229894</string>
     </void>
    </object>
   </void>
   <void method="put">
    <string>org.jboss.tools.maven.jbosspackaging.feature</string>
    <object class="java.util.ArrayList">
     <void method="add">
      <string>https://marketplace.eclipse.org#1617241</string>
     </void>
    </object>
   </void>
   <void method="put">
    <string>org.eclipse.e4.tools.preference.spy.feature</string>
    <object class="java.util.ArrayList">
     <void method="add">
      <string>https://marketplace.eclipse.org#3116105</string>
     </void>
    </object>
   </void>
   <void method="put">
    <string>org.jboss.tools.forge.ext.feature</string>
    <object class="java.util.ArrayList">
     <void method="add">
      <string>https://marketplace.eclipse.org#1617241</string>
     </void>
    </object>
   </void>
   <void method="put">
    <string>org.jboss.tools.jsf.feature</string>
    <object class="java.util.ArrayList">
     <void method="add">
      <string>https://marketplace.eclipse.org#1617241</string>
     </void>
    </object>
   </void>
   <void method="put">
    <string>org.jboss.tools.openshift.js.feature</string>
    <object class="java.util.ArrayList">
     <void method="add">
      <string>https://marketplace.eclipse.org#1617241</string>
     </void>
    </object>
   </void>
   <void method="put">
    <string>org.fusesource.ide.core.feature</string>
    <object class="java.util.ArrayList">
     <void method="add">
      <string>https://marketplace.eclipse.org#1617241</string>
     </void>
    </object>
   </void>
   <void method="put">
    <string>org.eclipse.jdt.java18patch</string>
    <object class="java.util.ArrayList">
     <void method="add">
      <string>https://marketplace.eclipse.org#5505813</string>
     </void>
    </object>
   </void>
   <void method="put">
    <string>org.eclipse.e4.core.tools.feature</string>
    <object class="java.util.ArrayList">
     <void method="add">
      <string>https://marketplace.eclipse.org#1212020</string>
     </void>
    </object>
   </void>
   <void method="put">
    <string>org.eclipse.wst.server_adapters.feature</string>
    <object class="java.util.ArrayList">
     <void method="add">
      <string>https://marketplace.eclipse.org#2963400</string>
     </void>
    </object>
   </void>
   <void method="put">
    <string>org.eclipse.e4.tools.css.spy.feature</string>
    <object class="java.util.ArrayList">
     <void method="add">
      <string>https://marketplace.eclipse.org#3116105</string>
     </void>
     <void method="add">
      <string>https://marketplace.eclipse.org#311881</string>
     </void>
     <void method="add">
      <string>https://marketplace.eclipse.org#1212020</string>
     </void>
    </object>
   </void>
   <void method="put">
    <string>org.eclipse.reddeer.gef.spy.feature</string>
    <object class="java.util.ArrayList">
     <void method="add">
      <string>https://marketplace.eclipse.org#3935790</string>
     </void>
    </object>
   </void>
   <void method="put">
    <string>org.eclipse.wb.rcp.feature.feature.group</string>
    <object class="java.util.ArrayList">
     <void method="add">
      <string>https://marketplace.eclipse.org#4961416</string>
     </void>
     <void method="add">
      <string>https://marketplace.eclipse.org#3085446</string>
     </void>
    </object>
   </void>
   <void method="put">
    <string>org.jboss.tools.community.central.feature</string>
    <object class="java.util.ArrayList">
     <void method="add">
      <string>https://marketplace.eclipse.org#1617241</string>
     </void>
    </object>
   </void>
   <void method="put">
    <string>io.github.pyvesb.notepad4e</string>
    <object class="java.util.ArrayList">
     <void method="add">
      <string>https://marketplace.eclipse.org#3108021</string>
     </void>
    </object>
   </void>
   <void method="put">
    <string>org.eclipse.wb.core.java.feature.feature.group</string>
    <object class="java.util.ArrayList">
     <void method="add">
      <string>https://marketplace.eclipse.org#4961416</string>
     </void>
     <void method="add">
      <string>https://marketplace.eclipse.org#3085446</string>
     </void>
    </object>
   </void>
   <void method="put">
    <string>org.jboss.tools.maven.hibernate.feature</string>
    <object class="java.util.ArrayList">
     <void method="add">
      <string>https://marketplace.eclipse.org#1617241</string>
     </void>
    </object>
   </void>
   <void method="put">
    <string>org.eclipse.wb.doc.user.feature.feature.group</string>
    <object class="java.util.ArrayList">
     <void method="add">
      <string>https://marketplace.eclipse.org#4961416</string>
     </void>
     <void method="add">
      <string>https://marketplace.eclipse.org#3085446</string>
     </void>
    </object>
   </void>
   <void method="put">
    <string>org.eclipse.nebula.incubation.feature.feature.group</string>
    <object class="java.util.ArrayList">
     <void method="add">
      <string>https://marketplace.eclipse.org#229909</string>
     </void>
    </object>
   </void>
   <void method="put">
    <string>org.eclipse.e4.tools.bundle.spy.feature</string>
    <object class="java.util.ArrayList">
     <void method="add">
      <string>https://marketplace.eclipse.org#3116105</string>
     </void>
    </object>
   </void>
   <void method="put">
    <string>org.jboss.ide.eclipse.as.feature</string>
    <object class="java.util.ArrayList">
     <void method="add">
      <string>https://marketplace.eclipse.org#1617241</string>
     </void>
    </object>
   </void>
   <void method="put">
    <string>org.jboss.ide.eclipse.archives.feature</string>
    <object class="java.util.ArrayList">
     <void method="add">
      <string>https://marketplace.eclipse.org#1617241</string>
     </void>
    </object>
   </void>
   <void method="put">
    <string>org.jboss.tools.usage.feature</string>
    <object class="java.util.ArrayList">
     <void method="add">
      <string>https://marketplace.eclipse.org#1617241</string>
     </void>
    </object>
   </void>
   <void method="put">
    <string>org.eclipse.e4.tools.model.spy.feature</string>
    <object class="java.util.ArrayList">
     <void method="add">
      <string>https://marketplace.eclipse.org#3116105</string>
     </void>
    </object>
   </void>
   <void method="put">
    <string>org.jboss.tools.wtp.runtimes.tomcat.feature</string>
    <object class="java.util.ArrayList">
     <void method="add">
      <string>https://marketplace.eclipse.org#1617241</string>
     </void>
    </object>
   </void>
   <void method="put">
    <string>com.tulin.v8.echarts.ui.feature</string>
    <object class="java.util.ArrayList">
     <void method="add">
      <string>https://marketplace.eclipse.org#5466625</string>
     </void>
    </object>
   </void>
   <void method="put">
    <string>org.eclipse.pde.java18patch.source</string>
    <object class="java.util.ArrayList">
     <void method="add">
      <string>https://marketplace.eclipse.org#5505813</string>
     </void>
    </object>
   </void>
   <void method="put">
    <string>org.eclipse.tips.feature</string>
    <object class="java.util.ArrayList">
     <void method="add">
      <string>https://marketplace.eclipse.org#2963400</string>
     </void>
    </object>
   </void>
   <void method="put">
    <string>org.jboss.tools.community.project.examples.feature</string>
    <object class="java.util.ArrayList">
     <void method="add">
      <string>https://marketplace.eclipse.org#1617241</string>
     </void>
    </object>
   </void>
   <void method="put">
    <string>com.ibm.ws.appconversion_feature.jboss</string>
    <object class="java.util.ArrayList">
     <void method="add">
      <string>https://marketplace.eclipse.org#292930</string>
     </void>
    </object>
   </void>
   <void method="put">
    <string>de.jcup.ekube</string>
    <object class="java.util.ArrayList">
     <void method="add">
      <string>https://marketplace.eclipse.org#4389071</string>
     </void>
    </object>
   </void>
   <void method="put">
    <string>org.eclipse.reddeer.codegen.feature</string>
    <object class="java.util.ArrayList">
     <void method="add">
      <string>https://marketplace.eclipse.org#3935790</string>
     </void>
    </object>
   </void>
   <void method="put">
    <string>com.tulin.v8.tern.feature</string>
    <object class="java.util.ArrayList">
     <void method="add">
      <string>https://marketplace.eclipse.org#5466625</string>
     </void>
    </object>
   </void>
   <void method="put">
    <string>org.eclipse.tm.terminal.feature</string>
    <object class="java.util.ArrayList">
     <void method="add">
      <string>https://marketplace.eclipse.org#2963400</string>
     </void>
    </object>
   </void>
   <void method="put">
    <string>com.tulin.v8.swt.chromium.feature</string>
    <object class="java.util.ArrayList">
     <void method="add">
      <string>https://marketplace.eclipse.org#5466625</string>
     </void>
    </object>
   </void>
   <void method="put">
    <string>org.eclipse.wst.server_ui.feature</string>
    <object class="java.util.ArrayList">
     <void method="add">
      <string>https://marketplace.eclipse.org#2963400</string>
     </void>
    </object>
   </void>
   <void method="put">
    <string>com.hp.fortify.fod.eclipse.upload.cpp</string>
    <object class="java.util.ArrayList">
     <void method="add">
      <string>https://marketplace.eclipse.org#3310555</string>
     </void>
    </object>
   </void>
   <void method="put">
    <string>org.jboss.tools.maven.apt.feature</string>
    <object class="java.util.ArrayList">
     <void method="add">
      <string>https://marketplace.eclipse.org#1617241</string>
     </void>
    </object>
   </void>
   <void method="put">
    <string>org.eclipse.wst.json_core.feature</string>
    <object class="java.util.ArrayList">
     <void method="add">
      <string>https://marketplace.eclipse.org#1617241</string>
     </void>
    </object>
   </void>
   <void method="put">
    <string>org.jboss.tools.maven.feature</string>
    <object class="java.util.ArrayList">
     <void method="add">
      <string>https://marketplace.eclipse.org#1617241</string>
     </void>
    </object>
   </void>
   <void method="put">
    <string>org.eclipse.e4.tools.context.spy.feature</string>
    <object class="java.util.ArrayList">
     <void method="add">
      <string>https://marketplace.eclipse.org#3116105</string>
     </void>
    </object>
   </void>
   <void method="put">
    <string>org.jboss.tools.openshift.egit.integration.feature</string>
    <object class="java.util.ArrayList">
     <void method="add">
      <string>https://marketplace.eclipse.org#1617241</string>
     </void>
    </object>
   </void>
   <void method="put">
    <string>org.jboss.tools.maven.jdt.feature</string>
    <object class="java.util.ArrayList">
     <void method="add">
      <string>https://marketplace.eclipse.org#1617241</string>
     </void>
    </object>
   </void>
   <void method="put">
    <string>org.eclipse.cdt.embsysregview.data_feature</string>
    <object class="java.util.ArrayList">
     <void method="add">
      <string>https://marketplace.eclipse.org#1508376</string>
     </void>
    </object>
   </void>
   <void method="put">
    <string>org.jboss.tools.jst.feature</string>
    <object class="java.util.ArrayList">
     <void method="add">
      <string>https://marketplace.eclipse.org#1617241</string>
     </void>
    </object>
   </void>
   <void method="put">
    <string>org.eclipse.wst.jsdt.feature</string>
    <object class="java.util.ArrayList">
     <void method="add">
      <string>https://marketplace.eclipse.org#1617241</string>
     </void>
    </object>
   </void>
   <void method="put">
    <string>org.jboss.tools.richfaces.feature</string>
    <object class="java.util.ArrayList">
     <void method="add">
      <string>https://marketplace.eclipse.org#1617241</string>
     </void>
    </object>
   </void>
  </void>
  <void property="nodeKeyToIU">
   <void method="put">
    <string>https://marketplace.eclipse.org#1508376</string>
    <object class="java.util.ArrayList">
     <void method="add">
      <string>org.eclipse.cdt.embsysregview_feature</string>
     </void>
     <void method="add">
      <string>org.eclipse.cdt.embsysregview.data_feature</string>
     </void>
    </object>
   </void>
   <void method="put">
    <string>https://marketplace.eclipse.org#229909</string>
    <object class="java.util.ArrayList">
     <void method="add">
      <string>org.eclipse.nebula.incubation.feature.feature.group</string>
     </void>
     <void method="add">
      <string>org.eclipse.nebula.examples.feature.feature.group</string>
     </void>
     <void method="add">
      <string>org.eclipse.nebula.examples.incubation.feature.feature.group</string>
     </void>
    </object>
   </void>
   <void method="put">
    <string>https://marketplace.eclipse.org#4611382</string>
    <object class="java.util.ArrayList">
     <void method="add">
      <string>io.github.pyvesb.eclipse_solargraph</string>
     </void>
    </object>
   </void>
   <void method="put">
    <string>https://marketplace.eclipse.org#677</string>
    <object class="java.util.ArrayList">
     <void method="add">
      <string>org.eclipse.swtbot</string>
     </void>
     <void method="add">
      <string>org.eclipse.swtbot.eclipse</string>
     </void>
     <void method="add">
      <string>org.eclipse.swtbot.eclipse.gef</string>
     </void>
     <void method="add">
      <string>org.eclipse.swtbot.ide</string>
     </void>
    </object>
   </void>
   <void method="put">
    <string>https://marketplace.eclipse.org#2963400</string>
    <object class="java.util.ArrayList">
     <void method="add">
      <string>org.eclipse.wst.web_ui.feature</string>
     </void>
     <void method="add">
      <string>org.eclipse.wst.web_js_support.feature</string>
     </void>
     <void method="add">
      <string>org.eclipse.wst.xml_ui.feature</string>
     </void>
     <void method="add">
      <string>org.eclipse.wst.xsl.feature</string>
     </void>
     <void method="add">
      <string>org.eclipse.wildwebdeveloper.feature</string>
     </void>
     <void method="add">
      <string>org.eclipse.wildwebdeveloper.embedder.node.feature</string>
     </void>
     <void method="add">
      <string>org.eclipse.wst.server_ui.feature</string>
     </void>
     <void method="add">
      <string>org.eclipse.wst.server_adapters.feature</string>
     </void>
     <void method="add">
      <string>org.eclipse.tm.terminal.feature</string>
     </void>
     <void method="add">
      <string>org.eclipse.tips.feature</string>
     </void>
     <void method="add">
      <string>org.eclipse.egit</string>
     </void>
     <void method="add">
      <string>org.eclipse.wst.json_ui.feature</string>
     </void>
    </object>
   </void>
   <void method="put">
    <string>https://marketplace.eclipse.org#2911</string>
    <object class="java.util.ArrayList">
     <void method="add">
      <string>org.ascape.sdk</string>
     </void>
     <void method="add">
      <string>org.ascape.doc</string>
     </void>
    </object>
   </void>
   <void method="put">
    <string>https://marketplace.eclipse.org#5176732</string>
    <object class="java.util.ArrayList">
     <void method="add">
      <string>io.github.pyvesb.eclipse_planet_themes</string>
     </void>
    </object>
   </void>
   <void method="put">
    <string>https://marketplace.eclipse.org#229894</string>
    <object class="java.util.ArrayList">
     <void method="add">
      <string>org.eclipse.nebula.feature.feature.group</string>
     </void>
     <void method="add">
      <string>org.eclipse.nebula.examples.release.feature.feature.group</string>
     </void>
    </object>
   </void>
   <void method="put">
    <string>https://marketplace.eclipse.org#901</string>
    <object class="java.util.ArrayList">
     <void method="add">
      <string>net.sf.yari.feature</string>
     </void>
    </object>
   </void>
   <void method="put">
    <string>https://marketplace.eclipse.org#4014208</string>
    <object class="java.util.ArrayList">
     <void method="add">
      <string>org.eclipse.payara.tools</string>
     </void>
    </object>
   </void>
   <void method="put">
    <string>https://marketplace.eclipse.org#5505813</string>
    <object class="java.util.ArrayList">
     <void method="add">
      <string>org.eclipse.pde.java18patch</string>
     </void>
     <void method="add">
      <string>org.eclipse.jdt.java18patch</string>
     </void>
     <void method="add">
      <string>org.eclipse.pde.java18patch.source</string>
     </void>
     <void method="add">
      <string>org.eclipse.jdt.java18patch.source</string>
     </void>
    </object>
   </void>
   <void method="put">
    <string>https://marketplace.eclipse.org#4445639</string>
    <object class="java.util.ArrayList">
     <void method="add">
      <string>org.greip.feature</string>
     </void>
     <void method="add">
      <string>org.greip.nls.feature</string>
     </void>
    </object>
   </void>
   <void method="put">
    <string>https://marketplace.eclipse.org#2394572</string>
    <object class="java.util.ArrayList">
     <void method="add">
      <string>org.eclipse.m2e.core.ui.phasesandgoals.feature</string>
     </void>
    </object>
   </void>
   <void method="put">
    <string>https://marketplace.eclipse.org#4961416</string>
    <object class="java.util.ArrayList">
     <void method="add">
      <string>org.eclipse.wb.swing.feature.feature.group</string>
     </void>
     <void method="add">
      <string>org.eclipse.wb.swing.doc.user.feature.feature.group</string>
     </void>
     <void method="add">
      <string>org.eclipse.wb.rcp.feature.feature.group</string>
     </void>
     <void method="add">
      <string>org.eclipse.wb.swt.feature.feature.group</string>
     </void>
     <void method="add">
      <string>org.eclipse.wb.rcp.doc.user.feature.feature.group</string>
     </void>
     <void method="add">
      <string>org.eclipse.wb.rcp.SWT_AWT_support.feature.group</string>
     </void>
     <void method="add">
      <string>org.eclipse.wb.xwt.feature.feature.group</string>
     </void>
     <void method="add">
      <string>org.eclipse.wb.core.feature.feature.group</string>
     </void>
     <void method="add">
      <string>org.eclipse.wb.doc.user.feature.feature.group</string>
     </void>
     <void method="add">
      <string>org.eclipse.wb.core.ui.feature.feature.group</string>
     </void>
     <void method="add">
      <string>org.eclipse.wb.layout.group.feature.feature.group</string>
     </void>
     <void method="add">
      <string>org.eclipse.wb.core.java.feature.feature.group</string>
     </void>
     <void method="add">
      <string>org.eclipse.wb.core.xml.feature.feature.group</string>
     </void>
    </object>
   </void>
   <void method="put">
    <string>https://marketplace.eclipse.org#5466625</string>
    <object class="java.util.ArrayList">
     <void method="add">
      <string>com.tulin.v8.ide.feature</string>
     </void>
     <void method="add">
      <string>com.tulin.v8.echarts.ui.feature</string>
     </void>
     <void method="add">
      <string>com.tulin.v8.editors.fn.feature</string>
     </void>
     <void method="add">
      <string>com.tulin.v8.editors.function.feature</string>
     </void>
     <void method="add">
      <string>com.tulin.v8.flowdesigner.feature</string>
     </void>
     <void method="add">
      <string>com.tulin.v8.editors.page.feature</string>
     </void>
     <void method="add">
      <string>com.tulin.v8.tern.feature</string>
     </void>
     <void method="add">
      <string>com.tulin.v8.dbviewer.feature</string>
     </void>
     <void method="add">
      <string>com.tulin.v8.swt.chromium.feature</string>
     </void>
     <void method="add">
      <string>com.tulin.v8.ureport.feature</string>
     </void>
     <void method="add">
      <string>com.tulin.v8.js.ui.feature</string>
     </void>
    </object>
   </void>
   <void method="put">
    <string>https://marketplace.eclipse.org#303914</string>
    <object class="java.util.ArrayList">
     <void method="add">
      <string>dk.xam.spy.feature</string>
     </void>
    </object>
   </void>
   <void method="put">
    <string>https://marketplace.eclipse.org#1212020</string>
    <object class="java.util.ArrayList">
     <void method="add">
      <string>org.eclipse.e4.tools.css.editor.feature</string>
     </void>
     <void method="add">
      <string>org.eclipse.e4.tools.css.spy.feature</string>
     </void>
     <void method="add">
      <string>org.eclipse.e4.core.tools.feature</string>
     </void>
    </object>
   </void>
   <void method="put">
    <string>https://marketplace.eclipse.org#292930</string>
    <object class="java.util.ArrayList">
     <void method="add">
      <string>com.ibm.ws.migrationtoolkit.cloud.feature</string>
     </void>
     <void method="add">
      <string>com.ibm.ws.appconversion_feature.was2was</string>
     </void>
     <void method="add">
      <string>com.ibm.ws.appconversion_feature.jboss</string>
     </void>
     <void method="add">
      <string>com.ibm.ws.appconversion_feature.oracle</string>
     </void>
     <void method="add">
      <string>com.ibm.ws.appconversion_feature.tomcat</string>
     </void>
     <void method="add">
      <string>com.ibm.ws.appconversion_feature.weblogic</string>
     </void>
     <void method="add">
      <string>com.ibm.ws.configmigration.tomcat_feature</string>
     </void>
    </object>
   </void>
   <void method="put">
    <string>https://marketplace.eclipse.org#1617241</string>
    <object class="java.util.ArrayList">
     <void method="add">
      <string>org.jboss.tools.usage.feature</string>
     </void>
     <void method="add">
      <string>org.eclipse.buildship</string>
     </void>
     <void method="add">
      <string>org.eclipse.linuxtools.docker.feature</string>
     </void>
     <void method="add">
      <string>org.eclipse.wildwebdeveloper.feature</string>
     </void>
     <void method="add">
      <string>org.eclipse.wst.jsdt.chromium.debug.feature</string>
     </void>
     <void method="add">
      <string>org.eclipse.wst.jsdt.feature</string>
     </void>
     <void method="add">
      <string>org.eclipse.wst.json_core.feature</string>
     </void>
     <void method="add">
      <string>org.eclipse.wst.json_ui.feature</string>
     </void>
     <void method="add">
      <string>org.fusesource.ide.camel.editor.feature</string>
     </void>
     <void method="add">
      <string>org.fusesource.ide.core.feature</string>
     </void>
     <void method="add">
      <string>org.fusesource.ide.jmx.feature</string>
     </void>
     <void method="add">
      <string>org.fusesource.ide.server.extensions.feature</string>
     </void>
     <void method="add">
      <string>org.fusesource.ide.syndesis.extension.feature</string>
     </void>
     <void method="add">
      <string>org.hibernate.eclipse.feature</string>
     </void>
     <void method="add">
      <string>org.jboss.ide.eclipse.archives.feature</string>
     </void>
     <void method="add">
      <string>org.jboss.ide.eclipse.as.feature</string>
     </void>
     <void method="add">
      <string>org.jboss.tools.batch.feature</string>
     </void>
     <void method="add">
      <string>org.jboss.tools.cdi.deltaspike.feature</string>
     </void>
     <void method="add">
      <string>org.jboss.tools.cdi.feature</string>
     </void>
     <void method="add">
      <string>org.jboss.tools.cdi.microprofile.feature</string>
     </void>
     <void method="add">
      <string>org.jboss.tools.common.jdt.feature</string>
     </void>
     <void method="add">
      <string>org.jboss.tools.common.launcher.feature</string>
     </void>
     <void method="add">
      <string>org.jboss.tools.community.central.feature</string>
     </void>
     <void method="add">
      <string>org.jboss.tools.community.project.examples.feature</string>
     </void>
     <void method="add">
      <string>org.jboss.tools.forge.ext.feature</string>
     </void>
     <void method="add">
      <string>org.jboss.tools.forge.feature</string>
     </void>
     <void method="add">
      <string>org.jboss.tools.forge.m2e.feature</string>
     </void>
     <void method="add">
      <string>org.jboss.tools.foundation.feature</string>
     </void>
     <void method="add">
      <string>org.jboss.tools.foundation.security.linux.feature</string>
     </void>
     <void method="add">
      <string>org.jboss.tools.fuse.transformation.feature</string>
     </void>
     <void method="add">
      <string>org.jboss.tools.jmx.feature</string>
     </void>
     <void method="add">
      <string>org.jboss.tools.jsf.feature</string>
     </void>
     <void method="add">
      <string>org.jboss.tools.jst.angularjs.feature</string>
     </void>
     <void method="add">
      <string>org.jboss.tools.jst.feature</string>
     </void>
     <void method="add">
      <string>org.jboss.tools.jst.jsdt.feature</string>
     </void>
     <void method="add">
      <string>org.jboss.tools.maven.apt.feature</string>
     </void>
     <void method="add">
      <string>org.jboss.tools.maven.cdi.feature</string>
     </void>
     <void method="add">
      <string>org.jboss.tools.maven.feature</string>
     </void>
     <void method="add">
      <string>org.jboss.tools.maven.hibernate.feature</string>
     </void>
     <void method="add">
      <string>org.jboss.tools.maven.jbosspackaging.feature</string>
     </void>
     <void method="add">
      <string>org.jboss.tools.maven.jdt.feature</string>
     </void>
     <void method="add">
      <string>org.jboss.tools.maven.project.examples.feature</string>
     </void>
     <void method="add">
      <string>org.jboss.tools.maven.sourcelookup.feature</string>
     </void>
     <void method="add">
      <string>org.jboss.tools.maven.springboot.feature</string>
     </void>
     <void method="add">
      <string>org.jboss.tools.openshift.cdk.feature</string>
     </void>
     <void method="add">
      <string>org.jboss.tools.openshift.egit.integration.feature</string>
     </void>
     <void method="add">
      <string>org.jboss.tools.openshift.js.feature</string>
     </void>
     <void method="add">
      <string>org.jboss.tools.openshift.feature</string>
     </void>
     <void method="add">
      <string>org.jboss.tools.project.examples.feature</string>
     </void>
     <void method="add">
      <string>org.jboss.tools.quarkus.feature</string>
     </void>
     <void method="add">
      <string>org.jboss.tools.richfaces.feature</string>
     </void>
     <void method="add">
      <string>org.jboss.tools.runtime.core.feature</string>
     </void>
     <void method="add">
      <string>org.jboss.tools.stacks.core.feature</string>
     </void>
     <void method="add">
      <string>org.jboss.tools.vpe.feature</string>
     </void>
     <void method="add">
      <string>org.jboss.tools.websockets.feature</string>
     </void>
     <void method="add">
      <string>org.jboss.tools.ws.jaxrs.feature</string>
     </void>
     <void method="add">
      <string>org.jboss.tools.ws.jaxws.feature</string>
     </void>
     <void method="add">
      <string>org.jboss.tools.wtp.runtimes.tomcat.feature</string>
     </void>
    </object>
   </void>
   <void method="put">
    <string>https://marketplace.eclipse.org#3310555</string>
    <object class="java.util.ArrayList">
     <void method="add">
      <string>com.hp.fortify.fod.eclipse.upload</string>
     </void>
     <void method="add">
      <string>com.hp.fortify.fod.eclipse.upload.java</string>
     </void>
     <void method="add">
      <string>com.hp.fortify.fod.eclipse.upload.cpp</string>
     </void>
     <void method="add">
      <string>com.fortify.fod.eclipse.remediation</string>
     </void>
    </object>
   </void>
   <void method="put">
    <string>https://marketplace.eclipse.org#70112</string>
    <object class="java.util.ArrayList">
     <void method="add">
      <string>org.eclipse.jubula.feature</string>
     </void>
    </object>
   </void>
   <void method="put">
    <string>https://marketplace.eclipse.org#2706327</string>
    <object class="java.util.ArrayList">
     <void method="add">
      <string>org.eclipse.linuxtools.docker.feature</string>
     </void>
     <void method="add">
      <string>org.eclipse.linuxtools.docker.editor.ls.feature</string>
     </void>
    </object>
   </void>
   <void method="put">
    <string>https://marketplace.eclipse.org#4389071</string>
    <object class="java.util.ArrayList">
     <void method="add">
      <string>de.jcup.ekube</string>
     </void>
    </object>
   </void>
   <void method="put">
    <string>https://marketplace.eclipse.org#3108021</string>
    <object class="java.util.ArrayList">
     <void method="add">
      <string>io.github.pyvesb.notepad4e</string>
     </void>
    </object>
   </void>
   <void method="put">
    <string>https://marketplace.eclipse.org#3116105</string>
    <object class="java.util.ArrayList">
     <void method="add">
      <string>org.eclipse.e4.tools.css.spy.feature</string>
     </void>
     <void method="add">
      <string>org.eclipse.e4.tools.event.spy.feature</string>
     </void>
     <void method="add">
      <string>org.eclipse.e4.tools.bundle.spy.feature</string>
     </void>
     <void method="add">
      <string>org.eclipse.e4.tools.preference.spy.feature</string>
     </void>
     <void method="add">
      <string>org.eclipse.e4.tools.model.spy.feature</string>
     </void>
     <void method="add">
      <string>org.eclipse.e4.tools.context.spy.feature</string>
     </void>
     <void method="add">
      <string>org.eclipse.e4.tools.spies.feature</string>
     </void>
    </object>
   </void>
   <void method="put">
    <string>https://marketplace.eclipse.org#3085446</string>
    <object class="java.util.ArrayList">
     <void method="add">
      <string>org.eclipse.wb.swing.feature.feature.group</string>
     </void>
     <void method="add">
      <string>org.eclipse.wb.swing.doc.user.feature.feature.group</string>
     </void>
     <void method="add">
      <string>org.eclipse.wb.rcp.feature.feature.group</string>
     </void>
     <void method="add">
      <string>org.eclipse.wb.swt.feature.feature.group</string>
     </void>
     <void method="add">
      <string>org.eclipse.wb.rcp.doc.user.feature.feature.group</string>
     </void>
     <void method="add">
      <string>org.eclipse.wb.rcp.SWT_AWT_support.feature.group</string>
     </void>
     <void method="add">
      <string>org.eclipse.wb.core.feature.feature.group</string>
     </void>
     <void method="add">
      <string>org.eclipse.wb.doc.user.feature.feature.group</string>
     </void>
     <void method="add">
      <string>org.eclipse.wb.core.ui.feature.feature.group</string>
     </void>
     <void method="add">
      <string>org.eclipse.wb.layout.group.feature.feature.group</string>
     </void>
     <void method="add">
      <string>org.eclipse.wb.core.java.feature.feature.group</string>
     </void>
    </object>
   </void>
   <void method="put">
    <string>https://marketplace.eclipse.org#3935790</string>
    <object class="java.util.ArrayList">
     <void method="add">
      <string>org.eclipse.reddeer.swt.feature</string>
     </void>
     <void method="add">
      <string>org.eclipse.reddeer.ui.feature</string>
     </void>
     <void method="add">
      <string>org.eclipse.reddeer.eclipse.feature</string>
     </void>
     <void method="add">
      <string>org.eclipse.reddeer.spy.feature</string>
     </void>
     <void method="add">
      <string>org.eclipse.reddeer.e4.feature</string>
     </void>
     <void method="add">
      <string>org.eclipse.reddeer.tests.feature</string>
     </void>
     <void method="add">
      <string>org.eclipse.reddeer.graphiti.feature</string>
     </void>
     <void method="add">
      <string>org.eclipse.reddeer.gef.spy.feature</string>
     </void>
     <void method="add">
      <string>org.eclipse.reddeer.recorder.feature</string>
     </void>
     <void method="add">
      <string>org.eclipse.reddeer.logparser.feature</string>
     </void>
     <void method="add">
      <string>org.eclipse.reddeer.codegen.feature</string>
     </void>
    </object>
   </void>
   <void method="put">
    <string>https://marketplace.eclipse.org#311881</string>
    <object class="java.util.ArrayList">
     <void method="add">
      <string>org.eclipse.e4.tools.css.spy.feature</string>
     </void>
    </object>
   </void>
  </void>
 </object>
</java>
